-- password is salutcefaci
insert into Users(email, pwhash, has_admin_permission) values ("123ioandragomir123@gmail.com", "$2y$10$ROPzGaHmiQSVzS0QHdH0qeDeI/vA9NudQkaADpvOo1Zfehi8/dhGG", true);

insert into Media(name, description) values ("Cub Observator", NULL);
insert into Media(name, description) values ("Posters", NULL);
insert into Media(name, description) values ("Flyers", NULL);
insert into Media(name, description) values ("Postari online", NULL);
insert into Media(name, description) values ("Attendance", "QR codes to attendance forms");
insert into Media(name, description) values ("Stickers", NULL);

insert into Folders(id, name, parent) values (2, "CodeRun22", 0);
insert into Folders(id, name, parent) values (3, "JobShop22", 0);
insert into Folders(id, name, parent) values (4, "Sedinte", 0);
insert into Folders(id, name, parent) values (5, "2022", 4);
insert into Folders(id, name, parent) values (6, "2023", 4);
insert into Folders(id, name, parent) values (7, "Emptyone", 6);


insert into Codes(code, folder, medium, redirect_url, creation_date) values ("cr22cub", 2, "Cub Observator", "https://coderun.bestcj.ro?cub", date('now', '-4 days'));
insert into Codes(code, folder, medium, redirect_url, creation_date) values ("cr22post", 2, "Posters", "https://coderun.bestcj.ro?posters", date('now', '-3 days'));
insert into Codes(code, folder, medium, redirect_url, creation_date) values ("cr22f", 2, "Flyers", "https://coderun.bestcj.ro?fizic", "2022-04-01");
insert into Codes(code, folder, medium, redirect_url, creation_date) values ("js22cub", 3, "Cub Observator", "https://cluj.jobshop.ro?cub", date('now', '-2 days'));
insert into Codes(code, folder, medium, redirect_url, creation_date) values ("js22post", 3, "Posters", "https://cluj.jobshop.ro?posters", date('now', '-6 days'));
insert into Codes(code, folder, medium, redirect_url, creation_date) values ("js22f", 3, "Flyers", "https://cluj.jobshop.ro?fizic", date('now', '-3 days'));
insert into Codes(code, folder, medium, redirect_url, creation_date) values ("js22s", 3, "Stickers", "https://cluj.jobshop.ro?sitckere", date('now', '-4 days'));

update Codes set description=("CodeRun 2022 flyers distributed on Baritiu and in the Observator and Marasti campuses.") where code = "cr22f";

insert into Codes(code, folder, medium, redirect_url, creation_date) values ("s220412", 5, "Attendance", "https://example.com#sedinta-1", "2022-04-12");
insert into Codes(code, folder, medium, redirect_url, creation_date) values ("s220419", 5, "Attendance", "https://example.com#sedinta-2", "2022-04-19");
insert into Codes(code, folder, medium, redirect_url, creation_date) values ("s220426", 5, "Attendance", "https://example.com#sedinta-3", "2022-04-26");
insert into Codes(code, folder, medium, redirect_url, creation_date) values ("s220503", 5, "Attendance", "https://example.com#sedinta-4", "2022-05-03");

insert into Codes(code, folder, medium, redirect_url, creation_date) values ("s230412", 6, "Attendance", "https://example.com#sedinta+1", "2023-04-12");
insert into Codes(code, folder, medium, redirect_url, creation_date) values ("s230419", 6, "Attendance", "https://example.com#sedinta+2", "2023-04-19");
insert into Codes(code, folder, medium, redirect_url, creation_date) values ("s230426", 6, "Attendance", "https://example.com#sedinta+3", "2023-04-26");
insert into Codes(code, folder, medium, redirect_url, creation_date) values ("s230503", 6, "Attendance", "https://example.com#sedinta+4", "2023-05-03");

insert into Scans(code, scan_time, first_scan) values ("cr22cub", strftime('%Y-%m-%d %H:%M:%f', 'now', 'localtime'), true);
insert into Scans(code, scan_time, first_scan) values ("cr22cub", strftime('%Y-%m-%d %H:%M:%f', 'now','-1 second', 'localtime'), false);
insert into Scans(code, scan_time, first_scan) values ("cr22cub", strftime('%Y-%m-%d %H:%M:%f', 'now','-1 days','-2 second', 'localtime'), false);
insert into Scans(code, scan_time, first_scan) values ("cr22cub", strftime('%Y-%m-%d %H:%M:%f', 'now','-1 days','-3 second', 'localtime'), true);
insert into Scans(code, scan_time, first_scan) values ("cr22cub", strftime('%Y-%m-%d %H:%M:%f', 'now','-1 days','-4 second', 'localtime'), true);
insert into Scans(code, scan_time, first_scan) values ("cr22cub", strftime('%Y-%m-%d %H:%M:%f', 'now','-1 days','-5 second', 'localtime'), true);
insert into Scans(code, scan_time, first_scan) values ("cr22post",strftime('%Y-%m-%d %H:%M:%f', 'now','-1 days','-6 second', 'localtime'), true);
insert into Scans(code, scan_time, first_scan) values ("cr22post",strftime('%Y-%m-%d %H:%M:%f', 'now','-1 days','-7 second', 'localtime'), false);
insert into Scans(code, scan_time, first_scan) values ("cr22post",strftime('%Y-%m-%d %H:%M:%f', 'now','-1 days','-8 second', 'localtime'), true);
insert into Scans(code, scan_time, first_scan) values ("cr22post",strftime('%Y-%m-%d %H:%M:%f', 'now','-2 days','-9 second', 'localtime'), true);
insert into Scans(code, scan_time, first_scan) values ("cr22post",strftime('%Y-%m-%d %H:%M:%f', 'now','-2 days','-10 second', 'localtime'), true);
insert into Scans(code, scan_time, first_scan) values ("cr22post",strftime('%Y-%m-%d %H:%M:%f', 'now','-2 days','-11 second', 'localtime'), true);
insert into Scans(code, scan_time, first_scan) values ("cr22post",strftime('%Y-%m-%d %H:%M:%f', 'now','-2 days','-12 second', 'localtime'), true);
insert into Scans(code, scan_time, first_scan) values ("cr22post",strftime('%Y-%m-%d %H:%M:%f', 'now','-2 days','-13 second', 'localtime'), true);
insert into Scans(code, scan_time, first_scan) values ("cr22post",strftime('%Y-%m-%d %H:%M:%f', 'now','-2 days','-14 second', 'localtime'), true);
insert into Scans(code, scan_time, first_scan) values ("cr22post",strftime('%Y-%m-%d %H:%M:%f', 'now','-2 days','-15 second', 'localtime'), true);
insert into Scans(code, scan_time, first_scan) values ("cr22post",strftime('%Y-%m-%d %H:%M:%f', 'now','-2 days','-16 second', 'localtime'), true);
insert into Scans(code, scan_time, first_scan) values ("cr22post",strftime('%Y-%m-%d %H:%M:%f', 'now','-3 days','-17 second', 'localtime'), false);
insert into Scans(code, scan_time, first_scan) values ("cr22post",strftime('%Y-%m-%d %H:%M:%f', 'now','-3 days','-18 second', 'localtime'), true);
insert into Scans(code, scan_time, first_scan) values ("cr22post",strftime('%Y-%m-%d %H:%M:%f', 'now','-3 days','-19 second', 'localtime'), false);
insert into Scans(code, scan_time, first_scan) values ("cr22post",strftime('%Y-%m-%d %H:%M:%f', 'now','-3 days','-20 second', 'localtime'), false);
insert into Scans(code, scan_time, first_scan) values ("cr22post",strftime('%Y-%m-%d %H:%M:%f', 'now','-3 days','-21 second', 'localtime'), true);
insert into Scans(code, scan_time, first_scan) values ("cr22post",strftime('%Y-%m-%d %H:%M:%f', 'now','-3 days','-22 second', 'localtime'), true);
insert into Scans(code, scan_time, first_scan) values ("cr22post",strftime('%Y-%m-%d %H:%M:%f', 'now','-3 days','-23 second', 'localtime'), true);
insert into Scans(code, scan_time, first_scan) values ("cr22post",strftime('%Y-%m-%d %H:%M:%f', 'now','-3 days','-24 second', 'localtime'), true);
insert into Scans(code, scan_time, first_scan) values ("cr22post",strftime('%Y-%m-%d %H:%M:%f', 'now','-5 days','-25 second', 'localtime'), true);
insert into Scans(code, scan_time, first_scan) values ("cr22post",strftime('%Y-%m-%d %H:%M:%f', 'now','-5 days','-26 second', 'localtime'), true);
insert into Scans(code, scan_time, first_scan) values ("cr22post",strftime('%Y-%m-%d %H:%M:%f', 'now','-5 days','-27 second', 'localtime'), true);
insert into Scans(code, scan_time, first_scan) values ("cr22post",strftime('%Y-%m-%d %H:%M:%f', 'now','-5 days','-28 second', 'localtime'), true);

insert into Scans(code, scan_time, first_scan) values ("js22cub", strftime('%Y-%m-%d %H:%M:%f', 'now', 'localtime'), true);
insert into Scans(code, scan_time, first_scan) values ("js22cub", strftime('%Y-%m-%d %H:%M:%f', 'now','-1 second', 'localtime'), false);
insert into Scans(code, scan_time, first_scan) values ("js22cub", strftime('%Y-%m-%d %H:%M:%f', 'now','-1 days','-2 second', 'localtime'), false);
insert into Scans(code, scan_time, first_scan) values ("js22cub", strftime('%Y-%m-%d %H:%M:%f', 'now','-1 days','-3 second', 'localtime'), true);
insert into Scans(code, scan_time, first_scan) values ("js22cub", strftime('%Y-%m-%d %H:%M:%f', 'now','-1 days','-4 second', 'localtime'), true);
insert into Scans(code, scan_time, first_scan) values ("js22cub", strftime('%Y-%m-%d %H:%M:%f', 'now','-1 days','-5 second', 'localtime'), true);
insert into Scans(code, scan_time, first_scan) values ("js22cub", strftime('%Y-%m-%d %H:%M:%f', 'now','-1 days','-6 second', 'localtime'), true);
insert into Scans(code, scan_time, first_scan) values ("js22cub", strftime('%Y-%m-%d %H:%M:%f', 'now','-1 days','-7 second', 'localtime'), false);
insert into Scans(code, scan_time, first_scan) values ("js22cub", strftime('%Y-%m-%d %H:%M:%f', 'now','-1 days','-8 second', 'localtime'), true);
insert into Scans(code, scan_time, first_scan) values ("js22cub", strftime('%Y-%m-%d %H:%M:%f', 'now','-2 days','-9 second', 'localtime'), true);
insert into Scans(code, scan_time, first_scan) values ("js22cub", strftime('%Y-%m-%d %H:%M:%f', 'now','-2 days','-10 second', 'localtime'), true);
insert into Scans(code, scan_time, first_scan) values ("js22cub", strftime('%Y-%m-%d %H:%M:%f', 'now','-2 days','-11 second', 'localtime'), true);
insert into Scans(code, scan_time, first_scan) values ("js22cub", strftime('%Y-%m-%d %H:%M:%f', 'now','-2 days','-12 second', 'localtime'), true);
insert into Scans(code, scan_time, first_scan) values ("js22cub", strftime('%Y-%m-%d %H:%M:%f', 'now','-2 days','-13 second', 'localtime'), true);
insert into Scans(code, scan_time, first_scan) values ("js22cub", strftime('%Y-%m-%d %H:%M:%f', 'now','-2 days','-14 second', 'localtime'), true);
insert into Scans(code, scan_time, first_scan) values ("js22cub", strftime('%Y-%m-%d %H:%M:%f', 'now','-2 days','-15 second', 'localtime'), true);
insert into Scans(code, scan_time, first_scan) values ("js22cub", strftime('%Y-%m-%d %H:%M:%f', 'now','-2 days','-16 second', 'localtime'), true);
insert into Scans(code, scan_time, first_scan) values ("js22cub", strftime('%Y-%m-%d %H:%M:%f', 'now','-3 days','-17 second', 'localtime'), false);
insert into Scans(code, scan_time, first_scan) values ("js22cub", strftime('%Y-%m-%d %H:%M:%f', 'now','-3 days','-18 second', 'localtime'), true);
insert into Scans(code, scan_time, first_scan) values ("js22cub", strftime('%Y-%m-%d %H:%M:%f', 'now','-3 days','-19 second', 'localtime'), false);
insert into Scans(code, scan_time, first_scan) values ("js22cub", strftime('%Y-%m-%d %H:%M:%f', 'now','-3 days','-20 second', 'localtime'), false);
insert into Scans(code, scan_time, first_scan) values ("js22cub", strftime('%Y-%m-%d %H:%M:%f', 'now','-3 days','-21 second', 'localtime'), true);
insert into Scans(code, scan_time, first_scan) values ("js22cub", strftime('%Y-%m-%d %H:%M:%f', 'now','-3 days','-22 second', 'localtime'), true);
insert into Scans(code, scan_time, first_scan) values ("js22cub", strftime('%Y-%m-%d %H:%M:%f', 'now','-3 days','-23 second', 'localtime'), true);
insert into Scans(code, scan_time, first_scan) values ("js22cub", strftime('%Y-%m-%d %H:%M:%f', 'now','-3 days','-24 second', 'localtime'), true);
insert into Scans(code, scan_time, first_scan) values ("js22cub", strftime('%Y-%m-%d %H:%M:%f', 'now','-5 days','-25 second', 'localtime'), true);
insert into Scans(code, scan_time, first_scan) values ("js22cub", strftime('%Y-%m-%d %H:%M:%f', 'now','-5 days','-26 second', 'localtime'), true);
insert into Scans(code, scan_time, first_scan) values ("js22cub", strftime('%Y-%m-%d %H:%M:%f', 'now','-5 days','-27 second', 'localtime'), true);
insert into Scans(code, scan_time, first_scan) values ("js22cub", strftime('%Y-%m-%d %H:%M:%f', 'now','-5 days','-28 second', 'localtime'), true);


insert into Scans(code, scan_time, first_scan) values ("cr22f", "2022-04-02 23:56:42", true);
insert into Scans(code, scan_time, first_scan) values ("cr22f", "2022-04-03 09:26:37", true);
insert into Scans(code, scan_time, first_scan) values ("cr22f", "2022-04-04 10:58:06", true);
insert into Scans(code, scan_time, first_scan) values ("cr22f", "2022-04-04 15:40:08", true);
insert into Scans(code, scan_time, first_scan) values ("cr22f", "2022-04-04 15:44:50", true);
insert into Scans(code, scan_time, first_scan) values ("cr22f", "2022-04-04 17:00:12", true);
insert into Scans(code, scan_time, first_scan) values ("cr22f", "2022-04-04 17:16:57", true);
insert into Scans(code, scan_time, first_scan) values ("cr22f", "2022-04-04 18:16:21", true);
insert into Scans(code, scan_time, first_scan) values ("cr22f", "2022-04-05 13:20:44", true);
insert into Scans(code, scan_time, first_scan) values ("cr22f", "2022-04-05 13:38:31", true);
insert into Scans(code, scan_time, first_scan) values ("cr22f", "2022-04-05 14:54:57", true);
insert into Scans(code, scan_time, first_scan) values ("cr22f", "2022-04-05 15:09:15", true);
insert into Scans(code, scan_time, first_scan) values ("cr22f", "2022-04-05 16:00:18", true);
insert into Scans(code, scan_time, first_scan) values ("cr22f", "2022-04-05 18:27:12", true);
insert into Scans(code, scan_time, first_scan) values ("cr22f", "2022-04-05 21:44:54", true);
insert into Scans(code, scan_time, first_scan) values ("cr22f", "2022-04-06 00:06:48", true);
insert into Scans(code, scan_time, first_scan) values ("cr22f", "2022-04-06 01:37:03", true);
insert into Scans(code, scan_time, first_scan) values ("cr22f", "2022-04-06 14:10:58", true);
insert into Scans(code, scan_time, first_scan) values ("cr22f", "2022-04-06 14:12:41", true);
insert into Scans(code, scan_time, first_scan) values ("cr22f", "2022-04-06 14:16:53", true);
insert into Scans(code, scan_time, first_scan) values ("cr22f", "2022-04-06 14:19:50", true);
insert into Scans(code, scan_time, first_scan) values ("cr22f", "2022-04-06 16:02:03", true);
insert into Scans(code, scan_time, first_scan) values ("cr22f", "2022-04-06 18:26:49", true);
insert into Scans(code, scan_time, first_scan) values ("cr22f", "2022-04-06 20:48:00", true);
insert into Scans(code, scan_time, first_scan) values ("cr22f", "2022-04-06 21:08:04", true);
insert into Scans(code, scan_time, first_scan) values ("cr22f", "2022-04-06 22:16:32", true);
insert into Scans(code, scan_time, first_scan) values ("cr22f", "2022-04-06 22:32:42", true);
insert into Scans(code, scan_time, first_scan) values ("cr22f", "2022-04-06 22:43:24", true);
insert into Scans(code, scan_time, first_scan) values ("cr22f", "2022-04-06 22:44:39", true);
insert into Scans(code, scan_time, first_scan) values ("cr22f", "2022-04-06 23:44:54", true);
insert into Scans(code, scan_time, first_scan) values ("cr22f", "2022-04-06 23:48:27", true);
insert into Scans(code, scan_time, first_scan) values ("cr22f", "2022-04-07 10:29:38", true);
insert into Scans(code, scan_time, first_scan) values ("cr22f", "2022-04-07 12:04:14", true);
insert into Scans(code, scan_time, first_scan) values ("cr22f", "2022-04-07 12:43:53", true);
insert into Scans(code, scan_time, first_scan) values ("cr22f", "2022-04-07 13:39:57", true);
insert into Scans(code, scan_time, first_scan) values ("cr22f", "2022-04-07 13:51:21", true);
insert into Scans(code, scan_time, first_scan) values ("cr22f", "2022-04-07 14:00:56", true);
insert into Scans(code, scan_time, first_scan) values ("cr22f", "2022-04-07 14:16:52", true);
insert into Scans(code, scan_time, first_scan) values ("cr22f", "2022-04-07 14:49:19", true);
insert into Scans(code, scan_time, first_scan) values ("cr22f", "2022-04-07 16:08:04", true);
insert into Scans(code, scan_time, first_scan) values ("cr22f", "2022-04-07 16:28:03", true);
insert into Scans(code, scan_time, first_scan) values ("cr22f", "2022-04-07 16:52:38", true);
insert into Scans(code, scan_time, first_scan) values ("cr22f", "2022-04-07 19:32:53", true);
insert into Scans(code, scan_time, first_scan) values ("cr22f", "2022-04-07 20:08:29", true);
insert into Scans(code, scan_time, first_scan) values ("cr22f", "2022-04-07 20:17:45", true);
insert into Scans(code, scan_time, first_scan) values ("cr22f", "2022-04-07 20:34:03", true);
insert into Scans(code, scan_time, first_scan) values ("cr22f", "2022-04-07 20:34:56", true);
insert into Scans(code, scan_time, first_scan) values ("cr22f", "2022-04-07 21:10:21", true);
insert into Scans(code, scan_time, first_scan) values ("cr22f", "2022-04-07 21:15:30", true);
insert into Scans(code, scan_time, first_scan) values ("cr22f", "2022-04-07 21:42:23", true);
insert into Scans(code, scan_time, first_scan) values ("cr22f", "2022-04-07 21:44:42", true);
insert into Scans(code, scan_time, first_scan) values ("cr22f", "2022-04-07 23:21:40", true);
insert into Scans(code, scan_time, first_scan) values ("cr22f", "2022-04-07 23:39:12", true);
insert into Scans(code, scan_time, first_scan) values ("cr22f", "2022-04-08 11:03:34", true);
insert into Scans(code, scan_time, first_scan) values ("cr22f", "2022-04-08 11:08:09", true);
insert into Scans(code, scan_time, first_scan) values ("cr22f", "2022-04-08 12:06:20", true);
insert into Scans(code, scan_time, first_scan) values ("cr22f", "2022-04-08 12:41:45", true);
insert into Scans(code, scan_time, first_scan) values ("cr22f", "2022-04-08 13:22:28", true);
insert into Scans(code, scan_time, first_scan) values ("cr22f", "2022-04-08 14:19:16", true);
insert into Scans(code, scan_time, first_scan) values ("cr22f", "2022-04-08 14:50:56", true);
insert into Scans(code, scan_time, first_scan) values ("cr22f", "2022-04-08 15:07:40", true);
insert into Scans(code, scan_time, first_scan) values ("cr22f", "2022-04-08 15:25:05", true);
insert into Scans(code, scan_time, first_scan) values ("cr22f", "2022-04-08 15:45:13", true);
insert into Scans(code, scan_time, first_scan) values ("cr22f", "2022-04-08 15:45:47", true);
insert into Scans(code, scan_time, first_scan) values ("cr22f", "2022-04-08 16:30:50", true);
insert into Scans(code, scan_time, first_scan) values ("cr22f", "2022-04-08 17:06:59", true);
